strategy,instrument,old_verdict,new_verdict,dsr,pf,win_rate,max_dd_usd,n_trades,both_halves,p_value,dsr_waiver,old_failures,new_failures,changed
fib_retracement_ng,,FAIL,ERROR,0.0,0.0,0.0,0.0,0,False,1.0,False,,error,True
fib_retracement_gc,,FAIL,ERROR,0.0,0.0,0.0,0.0,0,False,1.0,False,,error,True
fib_retracement_si,,FAIL,ERROR,0.0,0.0,0.0,0.0,0,False,1.0,False,,error,True
fib_retracement_fxe,,FAIL,ERROR,0.0,0.0,0.0,0.0,0,False,1.0,False,,error,True
fib_retracement_fxb,,FAIL,ERROR,0.0,0.0,0.0,0.0,0,False,1.0,False,,error,True
fib_retracement_fxj,,FAIL,ERROR,0.0,0.0,0.0,0.0,0,False,1.0,False,,error,True
fib_retracement_zb,,FAIL,ERROR,0.0,0.0,0.0,0.0,0,False,1.0,False,,error,True
fib_retracement_zn,,FAIL,ERROR,0.0,0.0,0.0,0.0,0,False,1.0,False,,error,True
fib_retracement_mbt,,FAIL,ERROR,0.0,0.0,0.0,0.0,0,False,1.0,False,,error,True
inside_bar_es,,FAIL,ERROR,0.0,0.0,0.0,0.0,0,False,1.0,False,,error,True
inside_bar_nq,,FAIL,ERROR,0.0,0.0,0.0,0.0,0,False,1.0,False,,error,True
inside_bar_rty,,FAIL,ERROR,0.0,0.0,0.0,0.0,0,False,1.0,False,,error,True
inside_bar_ym,,FAIL,ERROR,0.0,0.0,0.0,0.0,0,False,1.0,False,,error,True
inside_bar_cl,,FAIL,ERROR,0.0,0.0,0.0,0.0,0,False,1.0,False,,error,True
inside_bar_ng,,FAIL,ERROR,0.0,0.0,0.0,0.0,0,False,1.0,False,,error,True
inside_bar_gc,,FAIL,ERROR,0.0,0.0,0.0,0.0,0,False,1.0,False,,error,True
inside_bar_si,,FAIL,ERROR,0.0,0.0,0.0,0.0,0,False,1.0,False,,error,True
inside_bar_fxe,,FAIL,ERROR,0.0,0.0,0.0,0.0,0,False,1.0,False,,error,True
inside_bar_fxb,,FAIL,ERROR,0.0,0.0,0.0,0.0,0,False,1.0,False,,error,True
inside_bar_fxj,,FAIL,ERROR,0.0,0.0,0.0,0.0,0,False,1.0,False,,error,True
inside_bar_zb,,FAIL,ERROR,0.0,0.0,0.0,0.0,0,False,1.0,False,,error,True
inside_bar_zn,,FAIL,ERROR,0.0,0.0,0.0,0.0,0,False,1.0,False,,error,True
inside_bar_mbt,,FAIL,ERROR,0.0,0.0,0.0,0.0,0,False,1.0,False,,error,True
outside_bar_es,,FAIL,ERROR,0.0,0.0,0.0,0.0,0,False,1.0,False,,error,True
outside_bar_nq,,FAIL,ERROR,0.0,0.0,0.0,0.0,0,False,1.0,False,,error,True
outside_bar_rty,,FAIL,ERROR,0.0,0.0,0.0,0.0,0,False,1.0,False,,error,True
outside_bar_ym,,FAIL,ERROR,0.0,0.0,0.0,0.0,0,False,1.0,False,,error,True
outside_bar_cl,,FAIL,ERROR,0.0,0.0,0.0,0.0,0,False,1.0,False,,error,True
outside_bar_ng,,FAIL,ERROR,0.0,0.0,0.0,0.0,0,False,1.0,False,,error,True
outside_bar_gc,,FAIL,ERROR,0.0,0.0,0.0,0.0,0,False,1.0,False,,error,True
outside_bar_si,,FAIL,ERROR,0.0,0.0,0.0,0.0,0,False,1.0,False,,error,True
outside_bar_fxe,,FAIL,ERROR,0.0,0.0,0.0,0.0,0,False,1.0,False,,error,True
outside_bar_fxb,,FAIL,ERROR,0.0,0.0,0.0,0.0,0,False,1.0,False,,error,True
outside_bar_fxj,,FAIL,ERROR,0.0,0.0,0.0,0.0,0,False,1.0,False,,error,True
outside_bar_zb,,FAIL,ERROR,0.0,0.0,0.0,0.0,0,False,1.0,False,,error,True
outside_bar_zn,,FAIL,ERROR,0.0,0.0,0.0,0.0,0,False,1.0,False,,error,True
outside_bar_mbt,,FAIL,ERROR,0.0,0.0,0.0,0.0,0,False,1.0,False,,error,True
pin_bar_es,,FAIL,ERROR,0.0,0.0,0.0,0.0,0,False,1.0,False,,error,True
pin_bar_nq,,FAIL,ERROR,0.0,0.0,0.0,0.0,0,False,1.0,False,,error,True
pin_bar_rty,,FAIL,ERROR,0.0,0.0,0.0,0.0,0,False,1.0,False,,error,True
pin_bar_ym,,FAIL,ERROR,0.0,0.0,0.0,0.0,0,False,1.0,False,,error,True
pin_bar_cl,,FAIL,ERROR,0.0,0.0,0.0,0.0,0,False,1.0,False,,error,True
pin_bar_ng,,FAIL,ERROR,0.0,0.0,0.0,0.0,0,False,1.0,False,,error,True
pin_bar_gc,,FAIL,ERROR,0.0,0.0,0.0,0.0,0,False,1.0,False,,error,True
pin_bar_si,,FAIL,ERROR,0.0,0.0,0.0,0.0,0,False,1.0,False,,error,True
pin_bar_fxe,,FAIL,ERROR,0.0,0.0,0.0,0.0,0,False,1.0,False,,error,True
pin_bar_fxb,,FAIL,ERROR,0.0,0.0,0.0,0.0,0,False,1.0,False,,error,True
pin_bar_fxj,,FAIL,ERROR,0.0,0.0,0.0,0.0,0,False,1.0,False,,error,True
pin_bar_zb,,FAIL,ERROR,0.0,0.0,0.0,0.0,0,False,1.0,False,,error,True
pin_bar_zn,,FAIL,ERROR,0.0,0.0,0.0,0.0,0,False,1.0,False,,error,True
pin_bar_mbt,,FAIL,ERROR,0.0,0.0,0.0,0.0,0,False,1.0,False,,error,True
nr7_breakout_es,,FAIL,ERROR,0.0,0.0,0.0,0.0,0,False,1.0,False,,error,True
nr7_breakout_nq,,FAIL,ERROR,0.0,0.0,0.0,0.0,0,False,1.0,False,,error,True
nr7_breakout_rty,,FAIL,ERROR,0.0,0.0,0.0,0.0,0,False,1.0,False,,error,True
nr7_breakout_ym,,FAIL,ERROR,0.0,0.0,0.0,0.0,0,False,1.0,False,,error,True
nr7_breakout_cl,,FAIL,ERROR,0.0,0.0,0.0,0.0,0,False,1.0,False,,error,True
nr7_breakout_ng,,FAIL,ERROR,0.0,0.0,0.0,0.0,0,False,1.0,False,,error,True
nr7_breakout_gc,,FAIL,ERROR,0.0,0.0,0.0,0.0,0,False,1.0,False,,error,True
nr7_breakout_si,,FAIL,ERROR,0.0,0.0,0.0,0.0,0,False,1.0,False,,error,True
nr7_breakout_fxe,,FAIL,ERROR,0.0,0.0,0.0,0.0,0,False,1.0,False,,error,True
nr7_breakout_fxb,,FAIL,ERROR,0.0,0.0,0.0,0.0,0,False,1.0,False,,error,True
nr7_breakout_fxj,,FAIL,ERROR,0.0,0.0,0.0,0.0,0,False,1.0,False,,error,True
nr7_breakout_zb,,FAIL,ERROR,0.0,0.0,0.0,0.0,0,False,1.0,False,,error,True
nr7_breakout_zn,,FAIL,ERROR,0.0,0.0,0.0,0.0,0,False,1.0,False,,error,True
nr7_breakout_mbt,,FAIL,ERROR,0.0,0.0,0.0,0.0,0,False,1.0,False,,error,True
ib_fade_es,,FAIL,ERROR,0.0,0.0,0.0,0.0,0,False,1.0,False,,error,True
ib_fade_nq,,FAIL,ERROR,0.0,0.0,0.0,0.0,0,False,1.0,False,,error,True
ib_fade_rty,,FAIL,ERROR,0.0,0.0,0.0,0.0,0,False,1.0,False,,error,True
ib_fade_ym,,FAIL,ERROR,0.0,0.0,0.0,0.0,0,False,1.0,False,,error,True
ib_fade_cl,,FAIL,ERROR,0.0,0.0,0.0,0.0,0,False,1.0,False,,error,True
ib_fade_ng,,FAIL,ERROR,0.0,0.0,0.0,0.0,0,False,1.0,False,,error,True
ib_fade_gc,,FAIL,ERROR,0.0,0.0,0.0,0.0,0,False,1.0,False,,error,True
ib_fade_si,,FAIL,ERROR,0.0,0.0,0.0,0.0,0,False,1.0,False,,error,True
ib_fade_fxe,,FAIL,ERROR,0.0,0.0,0.0,0.0,0,False,1.0,False,,error,True
ib_fade_fxb,,FAIL,ERROR,0.0,0.0,0.0,0.0,0,False,1.0,False,,error,True
ib_fade_fxj,,FAIL,ERROR,0.0,0.0,0.0,0.0,0,False,1.0,False,,error,True
ib_fade_zb,,FAIL,ERROR,0.0,0.0,0.0,0.0,0,False,1.0,False,,error,True
ib_fade_zn,,FAIL,ERROR,0.0,0.0,0.0,0.0,0,False,1.0,False,,error,True
ib_fade_mbt,,FAIL,ERROR,0.0,0.0,0.0,0.0,0,False,1.0,False,,error,True
vol_macd_es,,FAIL,ERROR,0.0,0.0,0.0,0.0,0,False,1.0,False,,error,True
vol_macd_nq,,FAIL,ERROR,0.0,0.0,0.0,0.0,0,False,1.0,False,,error,True
vol_macd_rty,,FAIL,ERROR,0.0,0.0,0.0,0.0,0,False,1.0,False,,error,True
vol_macd_ym,,FAIL,ERROR,0.0,0.0,0.0,0.0,0,False,1.0,False,,error,True
vol_macd_cl,,FAIL,ERROR,0.0,0.0,0.0,0.0,0,False,1.0,False,,error,True
vol_macd_ng,,FAIL,ERROR,0.0,0.0,0.0,0.0,0,False,1.0,False,,error,True
vol_macd_gc,,FAIL,ERROR,0.0,0.0,0.0,0.0,0,False,1.0,False,,error,True
vol_macd_si,,FAIL,ERROR,0.0,0.0,0.0,0.0,0,False,1.0,False,,error,True
vol_macd_fxe,,FAIL,ERROR,0.0,0.0,0.0,0.0,0,False,1.0,False,,error,True
vol_macd_fxb,,FAIL,ERROR,0.0,0.0,0.0,0.0,0,False,1.0,False,,error,True
vol_macd_fxj,,FAIL,ERROR,0.0,0.0,0.0,0.0,0,False,1.0,False,,error,True
vol_macd_zb,,FAIL,ERROR,0.0,0.0,0.0,0.0,0,False,1.0,False,,error,True
vol_macd_zn,,FAIL,ERROR,0.0,0.0,0.0,0.0,0,False,1.0,False,,error,True
vol_macd_mbt,,FAIL,ERROR,0.0,0.0,0.0,0.0,0,False,1.0,False,,error,True
connors_rsi_es,,FAIL,ERROR,0.0,0.0,0.0,0.0,0,False,1.0,False,,error,True
connors_rsi_nq,,FAIL,ERROR,0.0,0.0,0.0,0.0,0,False,1.0,False,,error,True
connors_rsi_rty,,FAIL,ERROR,0.0,0.0,0.0,0.0,0,False,1.0,False,,error,True
connors_rsi_ym,,FAIL,ERROR,0.0,0.0,0.0,0.0,0,False,1.0,False,,error,True
connors_rsi_cl,,FAIL,ERROR,0.0,0.0,0.0,0.0,0,False,1.0,False,,error,True
connors_rsi_ng,,FAIL,ERROR,0.0,0.0,0.0,0.0,0,False,1.0,False,,error,True
connors_rsi_gc,,FAIL,ERROR,0.0,0.0,0.0,0.0,0,False,1.0,False,,error,True
connors_rsi_si,,FAIL,ERROR,0.0,0.0,0.0,0.0,0,False,1.0,False,,error,True
connors_rsi_fxe,,FAIL,ERROR,0.0,0.0,0.0,0.0,0,False,1.0,False,,error,True
connors_rsi_fxb,,FAIL,ERROR,0.0,0.0,0.0,0.0,0,False,1.0,False,,error,True
connors_rsi_fxj,,FAIL,ERROR,0.0,0.0,0.0,0.0,0,False,1.0,False,,error,True
connors_rsi_zb,,FAIL,ERROR,0.0,0.0,0.0,0.0,0,False,1.0,False,,error,True
connors_rsi_zn,,FAIL,ERROR,0.0,0.0,0.0,0.0,0,False,1.0,False,,error,True
connors_rsi_mbt,,FAIL,ERROR,0.0,0.0,0.0,0.0,0,False,1.0,False,,error,True
RSI_MeanRev,,FAIL,ERROR,0.0,0.0,0.0,0.0,0,False,1.0,False,,error,True
FOMC_Drift,,FAIL,ERROR,0.0,0.0,0.0,0.0,0,False,1.0,False,,error,True
ECB_Drift,,FAIL,ERROR,0.0,0.0,0.0,0.0,0,False,1.0,False,,error,True
Pin_Bar,,FAIL,ERROR,0.0,0.0,0.0,0.0,0,False,1.0,False,,error,True
NR7_Breakout,,FAIL,ERROR,0.0,0.0,0.0,0.0,0,False,1.0,False,,error,True
Vol_MACD,,FAIL,ERROR,0.0,0.0,0.0,0.0,0,False,1.0,False,,error,True
Connors_RSI,,FAIL,ERROR,0.0,0.0,0.0,0.0,0,False,1.0,False,,error,True
NFP_Drift,,FAIL,ERROR,0.0,0.0,0.0,0.0,0,False,1.0,False,,error,True
CPI_Drift,,FAIL,ERROR,0.0,0.0,0.0,0.0,0,False,1.0,False,,error,True
Fed_Minutes_Drift,,FAIL,ERROR,0.0,0.0,0.0,0.0,0,False,1.0,False,,error,True
EIA_Inventory,,FAIL,ERROR,0.0,0.0,0.0,0.0,0,False,1.0,False,,error,True
donchian_breakout_fxe,,FAIL,FAIL,1.399,1.795,0.562,0.59,240,False,0.0001080876652182513,False,both_halves,both_halves,False
fomc_drift_rty,,FAIL,FAIL,0.971,1.939,0.544,67.23,57,True,0.03136924293841254,False,dsr,dsr(+0.971),False
fomc_drift_si,,FAIL,FAIL,0.846,2.194,0.581,2.59,43,True,0.05025301395630175,False,dsr|p_value,dsr(+0.846)|p(0.05),False
fomc_drift_gc,,FAIL,FAIL,0.773,2.097,0.556,122.5,45,True,0.03469202386890596,False,dsr,dsr(+0.773),False
fomc_drift_nq,,FAIL,FAIL,0.77,1.961,0.579,449.49,57,True,0.03463826060689354,False,dsr,dsr(+0.770),False
cpi_drift_cl,,FAIL,FAIL,0.724,1.96,0.577,2.88,71,True,0.032905832040447114,False,dsr,dsr(+0.724),False
fomc_drift_fxj,,FAIL,FAIL,0.658,1.759,0.536,0.0,56,True,0.05233410258952288,False,dsr|p_value,dsr(+0.658)|p(0.052),False
camarilla_breakout_nq,,FAIL,FAIL,0.484,1.177,0.41,880.21,2043,True,0.003513713513291092,False,dsr|profit_factor,dsr(+0.484)|pf(1.177),False
bollinger_rsi_fxj,,FAIL,FAIL,0.453,1.094,0.364,0.01,8574,False,0.0046128275347929225,False,dsr|profit_factor|both_halves,dsr(+0.453)|pf(1.094)|both_halves,False
camarilla_breakout_gc,,FAIL,FAIL,0.377,1.15,0.41,118.69,2164,True,0.005095042339886835,False,dsr|profit_factor,dsr(+0.377)|pf(1.150),False
fed_minutes_es,,FAIL,FAIL,0.37,1.897,0.604,70.48,48,False,0.06974999277850968,False,dsr|p_value|both_halves,dsr(+0.370)|p(0.07)|both_halves,False
camarilla_breakout_si,,FAIL,FAIL,0.368,1.17,0.423,3.91,1570,True,0.007794399158556665,False,dsr|profit_factor,dsr(+0.368)|pf(1.170),False
fomc_drift_ym,,FAIL,FAIL,0.343,1.773,0.614,913.88,57,True,0.06474297522998165,False,dsr|p_value,dsr(+0.343)|p(0.065),False
fomc_drift_fxb,,FAIL,FAIL,0.285,1.619,0.579,0.03,57,True,0.0821067086665951,False,dsr|p_value,dsr(+0.285)|p(0.082),False
donchian_breakout_fxj,,FAIL,FAIL,0.263,1.696,0.613,0.0,163,False,0.003528876456880624,False,dsr|both_halves,dsr(+0.263)|both_halves,False
overnight_fade_fxe,,FAIL,FAIL,0.192,2.264,0.476,0.02,82,False,0.0339323852751759,False,dsr|both_halves,dsr(+0.192)|both_halves,False
fomc_drift_zb,,FAIL,FAIL,0.116,1.573,0.544,5.25,57,True,0.11943173992080977,False,dsr|p_value,dsr(+0.116)|p(0.12),False
esnq_pairs,,FAIL,FAIL,0.0,0.0,0.0,0.0,0,False,1.0,False,n_trades|dsr|profit_factor|p_value|both_halves|mean_pnl_positive,n_trades(0)|dsr(+0.000)|pf(0.000)|p(1)|both_halves|mean_pnl(0.00000),False
round_number_ng,,FAIL,FAIL,0.0,0.0,0.0,0.0,0,False,1.0,False,n_trades|dsr|profit_factor|p_value|both_halves|mean_pnl_positive,n_trades(0)|dsr(+0.000)|pf(0.000)|p(1)|both_halves|mean_pnl(0.00000),False
round_number_fxe,,FAIL,FAIL,0.0,0.0,0.0,0.0,0,False,1.0,False,n_trades|dsr|profit_factor|p_value|both_halves|mean_pnl_positive,n_trades(0)|dsr(+0.000)|pf(0.000)|p(1)|both_halves|mean_pnl(0.00000),False
round_number_fxb,,FAIL,FAIL,0.0,0.0,0.0,0.0,0,False,1.0,False,n_trades|dsr|profit_factor|p_value|both_halves|mean_pnl_positive,n_trades(0)|dsr(+0.000)|pf(0.000)|p(1)|both_halves|mean_pnl(0.00000),False
round_number_fxj,,FAIL,FAIL,0.0,0.0,0.0,0.0,0,False,1.0,False,n_trades|dsr|profit_factor|p_value|both_halves|mean_pnl_positive,n_trades(0)|dsr(+0.000)|pf(0.000)|p(1)|both_halves|mean_pnl(0.00000),False
round_number_mbt,,FAIL,FAIL,0.0,0.0,0.0,0.0,0,False,1.0,False,n_trades|dsr|profit_factor|p_value|both_halves|mean_pnl_positive,n_trades(0)|dsr(+0.000)|pf(0.000)|p(1)|both_halves|mean_pnl(0.00000),False
fed_minutes_gc,,FAIL,FAIL,0.0,0.366,0.333,14.32,3,False,0.718317116588578,False,n_trades|dsr|profit_factor|p_value|both_halves|mean_pnl_positive,n_trades(3)|dsr(+0.000)|pf(0.366)|p(0.72)|both_halves|mean_pnl(-4.42400),False
Prior_Day_Breakout,,FAIL,FAIL,0.0,0.0,0.0,0.0,0,False,1.0,False,n_trades|dsr|profit_factor|p_value|both_halves|mean_pnl_positive,n_trades(0)|dsr(+0.000)|pf(0.000)|p(1)|both_halves|mean_pnl(0.00000),False
Round_Number_Reaction,,FAIL,FAIL,0.0,0.0,0.0,0.0,0,False,1.0,False,n_trades|dsr|profit_factor|p_value|both_halves|mean_pnl_positive,n_trades(0)|dsr(+0.000)|pf(0.000)|p(1)|both_halves|mean_pnl(0.00000),False
Pivot_Reaction,,FAIL,FAIL,0.0,0.0,0.0,0.0,0,False,1.0,False,n_trades|dsr|profit_factor|p_value|both_halves|mean_pnl_positive,n_trades(0)|dsr(+0.000)|pf(0.000)|p(1)|both_halves|mean_pnl(0.00000),False
Camarilla_Breakout,,FAIL,FAIL,0.0,0.0,0.0,0.0,0,False,1.0,False,n_trades|dsr|profit_factor|p_value|both_halves|mean_pnl_positive,n_trades(0)|dsr(+0.000)|pf(0.000)|p(1)|both_halves|mean_pnl(0.00000),False
Overnight_Fade,,FAIL,FAIL,0.0,0.0,0.0,0.0,0,False,1.0,False,n_trades|dsr|profit_factor|p_value|both_halves|mean_pnl_positive,n_trades(0)|dsr(+0.000)|pf(0.000)|p(1)|both_halves|mean_pnl(0.00000),False
Bollinger_RSI,,FAIL,FAIL,0.0,0.0,0.0,0.0,0,False,1.0,False,n_trades|dsr|profit_factor|p_value|both_halves|mean_pnl_positive,n_trades(0)|dsr(+0.000)|pf(0.000)|p(1)|both_halves|mean_pnl(0.00000),False
ORB,,FAIL,FAIL,0.0,0.0,0.0,0.0,0,False,1.0,False,n_trades|dsr|profit_factor|p_value|both_halves|mean_pnl_positive,n_trades(0)|dsr(+0.000)|pf(0.000)|p(1)|both_halves|mean_pnl(0.00000),False
tsm_mbt,,FAIL,FAIL,0.0,164250000000000.0,1.0,0.0,1,False,1.0,False,n_trades|dsr|p_value|both_halves,n_trades(1)|dsr(+0.000)|p(1)|both_halves,False
fed_minutes_nq,,FAIL,FAIL,-0.1,1.566,0.583,466.15,48,False,0.12873267988881426,False,dsr|p_value|both_halves,dsr(-0.100)|p(0.13)|both_halves,False
fomc_drift_fxe,,FAIL,FAIL,-0.133,1.414,0.526,0.03,57,False,0.17163456792488327,False,dsr|p_value|both_halves,dsr(-0.133)|p(0.17)|both_halves,False
overnight_fade_fxj,,FAIL,FAIL,-0.357,2.341,0.483,0.0,60,False,0.05164772243204392,False,dsr|p_value|both_halves,dsr(-0.357)|p(0.052)|both_halves,False
donchian_breakout_gc,,FAIL,FAIL,-0.357,1.391,0.53,2871.97,236,True,0.029546427681467615,False,dsr|max_drawdown_usd,"dsr(-0.357)|max_dd($2,872)",False
cpi_drift_nq,,FAIL,FAIL,-0.365,1.474,0.648,928.96,71,True,0.13715606543892772,False,dsr|p_value,dsr(-0.365)|p(0.14),False
bollinger_rsi_si,,FAIL,FAIL,-0.548,1.121,0.306,19.15,1675,False,0.06626122669966042,False,dsr|profit_factor|p_value|both_halves,dsr(-0.548)|pf(1.121)|p(0.066)|both_halves,False
fomc_drift_ng,,FAIL,FAIL,-0.559,1.223,0.491,1.67,57,False,0.30779931590335824,False,dsr|profit_factor|p_value|both_halves,dsr(-0.559)|pf(1.223)|p(0.31)|both_halves,False
cpi_drift_es,,FAIL,FAIL,-0.574,1.368,0.577,261.69,71,False,0.19383075809873285,False,dsr|p_value|both_halves,dsr(-0.574)|p(0.19)|both_halves,False
tsm_gc,,FAIL,FAIL,-0.595,1.8,0.557,458.46,61,True,0.056858685276615605,False,dsr|p_value,dsr(-0.595)|p(0.057),False
cpi_drift_zn,,FAIL,FAIL,-0.656,1.327,0.589,2.23,56,False,0.22312404088058838,False,dsr|p_value|both_halves,dsr(-0.656)|p(0.22)|both_halves,False
fomc_drift_cl,,FAIL,FAIL,-0.683,1.147,0.491,12.02,57,False,0.35266486233132976,False,dsr|profit_factor|p_value|both_halves,dsr(-0.683)|pf(1.147)|p(0.35)|both_halves,False
prior_day_breakout_mbt,,FAIL,FAIL,-0.702,1.078,0.493,5423.75,219,True,0.3015730242572659,False,dsr|profit_factor|max_drawdown_usd|p_value,"dsr(-0.702)|pf(1.078)|max_dd($5,424)|p(0.3)",False
holiday_effect,,FAIL,FAIL,-0.714,1.302,0.5,92.99,12,False,0.3614573660883259,False,n_trades|dsr|p_value|both_halves,n_trades(12)|dsr(-0.714)|p(0.36)|both_halves,False
cpi_drift_fxe,,FAIL,FAIL,-0.881,1.291,0.556,0.02,36,True,0.2868530006877219,False,dsr|p_value,dsr(-0.881)|p(0.29),False
fomc_drift_mbt,,FAIL,FAIL,-0.891,1.08,0.553,7045.0,38,False,0.4303003796682926,False,dsr|profit_factor|max_drawdown_usd|p_value|both_halves,"dsr(-0.891)|pf(1.080)|max_dd($7,045)|p(0.43)|both_halves",False
camarilla_breakout_mbt,,FAIL,FAIL,-0.921,1.046,0.414,9083.25,215,False,0.3818033789722788,False,dsr|profit_factor|max_drawdown_usd|p_value|both_halves,"dsr(-0.921)|pf(1.046)|max_dd($9,083)|p(0.38)|both_halves",False
nfp_drift_es,,FAIL,FAIL,-0.921,1.184,0.647,333.22,68,False,0.2972810348195829,False,dsr|profit_factor|p_value|both_halves,dsr(-0.921)|pf(1.184)|p(0.3)|both_halves,False
nfp_drift_fxe,,FAIL,FAIL,-1.102,1.111,0.486,0.02,72,True,0.3691462686373356,False,dsr|profit_factor|p_value,dsr(-1.102)|pf(1.111)|p(0.37),False
opex_week,,FAIL,FAIL,-1.137,0.98,0.511,1204.66,88,False,0.5290032714795861,False,dsr|profit_factor|p_value|both_halves|mean_pnl_positive,dsr(-1.137)|pf(0.980)|p(0.53)|both_halves|mean_pnl(-0.73095),False
nfp_drift_cl,,FAIL,FAIL,-1.185,1.09,0.543,7.71,70,False,0.40009968011282854,False,dsr|profit_factor|p_value|both_halves,dsr(-1.185)|pf(1.090)|p(0.4)|both_halves,False
donchian_breakout_mbt,,FAIL,FAIL,-1.233,0.993,0.462,23260.0,13,False,0.5040379844923752,False,n_trades|dsr|profit_factor|max_drawdown_usd|p_value|both_halves|mean_pnl_positive,"n_trades(13)|dsr(-1.233)|pf(0.993)|max_dd($23,260)|p(0.5)|both_halves|mean_pnl(-13.84615)",False
pivot_reaction_si,,FAIL,FAIL,-1.273,1.316,0.484,0.66,62,False,0.2081485406343583,False,dsr|p_value|both_halves,dsr(-1.273)|p(0.21)|both_halves,False
overnight_fade_fxb,,FAIL,FAIL,-1.424,1.469,0.472,0.02,53,False,0.23380154621063523,False,dsr|p_value|both_halves,dsr(-1.424)|p(0.23)|both_halves,False
tsm_cl,,FAIL,FAIL,-1.695,1.209,0.506,85.94,83,False,0.2676303924813494,False,dsr|profit_factor|p_value|both_halves,dsr(-1.695)|pf(1.209)|p(0.27)|both_halves,False
gap_fill_es,,FAIL,FAIL,-1.709,1.121,0.509,1188.25,1223,False,0.12152794168811651,False,dsr|profit_factor|p_value|both_halves,dsr(-1.709)|pf(1.121)|p(0.12)|both_halves,False
cpi_drift_gc,,FAIL,FAIL,-1.744,0.893,0.368,84.93,68,False,0.6215712937186533,False,dsr|profit_factor|p_value|both_halves|mean_pnl_positive,dsr(-1.744)|pf(0.893)|p(0.62)|both_halves|mean_pnl(-0.33135),False
prior_day_breakout_nq,,FAIL,FAIL,-1.795,1.028,0.441,1488.02,2346,False,0.30710761603099646,False,dsr|profit_factor|p_value|both_halves,dsr(-1.795)|pf(1.028)|p(0.31)|both_halves,False
nfp_drift_nq,,FAIL,FAIL,-1.817,0.888,0.529,1572.17,68,False,0.6460064758891175,False,dsr|profit_factor|p_value|both_halves|mean_pnl_positive,dsr(-1.817)|pf(0.888)|p(0.65)|both_halves|mean_pnl(-6.28544),False
overnight_fade_si,,FAIL,FAIL,-1.82,1.182,0.5,0.4,20,False,0.3785412999925537,False,n_trades|dsr|profit_factor|p_value|both_halves,n_trades(20)|dsr(-1.820)|pf(1.182)|p(0.38)|both_halves,False
overnight_fade_mbt,,FAIL,FAIL,-1.854,0.649,0.462,1066.25,13,False,0.7471804339032232,False,n_trades|dsr|profit_factor|p_value|both_halves|mean_pnl_positive,n_trades(13)|dsr(-1.854)|pf(0.649)|p(0.75)|both_halves|mean_pnl(-56.25000),False
camarilla_breakout_es,,FAIL,FAIL,-1.998,1.018,0.394,680.91,2321,False,0.3690880211090547,False,dsr|profit_factor|p_value|both_halves,dsr(-1.998)|pf(1.018)|p(0.37)|both_halves,False
tsm_fxe,,FAIL,FAIL,-2.06,1.097,0.523,0.16,65,False,0.3932862933648493,False,dsr|profit_factor|p_value|both_halves,dsr(-2.060)|pf(1.097)|p(0.39)|both_halves,False
overnight_fade_gc,,FAIL,FAIL,-2.105,1.1,0.478,9.85,23,False,0.43683908542429456,False,n_trades|dsr|profit_factor|p_value|both_halves,n_trades(23)|dsr(-2.105)|pf(1.100)|p(0.44)|both_halves,False
orb_mbt,,FAIL,FAIL,-2.108,0.992,0.509,20360.0,226,False,0.51733701116814,False,dsr|profit_factor|max_drawdown_usd|p_value|both_halves|mean_pnl_positive,"dsr(-2.108)|pf(0.992)|max_dd($20,360)|p(0.52)|both_halves|mean_pnl(-3.40708)",False
tsm_zn,,FAIL,FAIL,-2.134,1.081,0.468,8.89,47,False,0.4209877630408308,False,dsr|profit_factor|p_value|both_halves,dsr(-2.134)|pf(1.081)|p(0.42)|both_halves,False
fed_minutes_zb,,FAIL,FAIL,-2.158,0.704,0.391,6.97,46,False,0.8219464891587085,False,dsr|profit_factor|p_value|both_halves|mean_pnl_positive,dsr(-2.158)|pf(0.704)|p(0.82)|both_halves|mean_pnl(-0.12253),False
ecb_drift_fxe,,FAIL,FAIL,-2.159,0.772,0.5,0.03,48,False,0.7665170136962819,False,dsr|profit_factor|p_value|both_halves|mean_pnl_positive,dsr(-2.159)|pf(0.772)|p(0.77)|both_halves|mean_pnl(-0.00045),False
prior_day_breakout_si,,FAIL,FAIL,-2.171,0.997,0.458,7.65,1580,False,0.5177733964684409,False,dsr|profit_factor|p_value|both_halves|mean_pnl_positive,dsr(-2.171)|pf(0.997)|p(0.52)|both_halves|mean_pnl(-0.00019),False
tsm_nq,,FAIL,FAIL,-2.205,1.039,0.6,3865.2,55,False,0.4614645725189367,False,dsr|profit_factor|max_drawdown_usd|p_value|both_halves,"dsr(-2.205)|pf(1.039)|max_dd($3,865)|p(0.46)|both_halves",False
tsm_zb,,FAIL,FAIL,-2.232,1.037,0.433,52.43,60,False,0.4595492791540626,False,dsr|profit_factor|p_value|both_halves,dsr(-2.232)|pf(1.037)|p(0.46)|both_halves,False
tsm_rty,,FAIL,FAIL,-2.239,0.845,0.5,1013.52,30,False,0.6366092783126749,False,dsr|profit_factor|p_value|both_halves|mean_pnl_positive,dsr(-2.239)|pf(0.845)|p(0.64)|both_halves|mean_pnl(-7.87467),False
donchian_breakout_zn,,FAIL,FAIL,-2.245,1.014,0.491,51.0,277,False,0.4645886496558119,False,dsr|profit_factor|p_value|both_halves,dsr(-2.245)|pf(1.014)|p(0.46)|both_halves,False
gap_fill_mbt,,FAIL,FAIL,-2.266,0.915,0.5,15855.0,34,False,0.5795973465059179,False,dsr|profit_factor|max_drawdown_usd|p_value|both_halves|mean_pnl_positive,"dsr(-2.266)|pf(0.915)|max_dd($15,855)|p(0.58)|both_halves|mean_pnl(-60.88235)",False
fed_minutes_fxe,,FAIL,FAIL,-2.351,0.639,0.438,0.03,48,False,0.8617410564828512,False,dsr|profit_factor|p_value|both_halves|mean_pnl_positive,dsr(-2.351)|pf(0.639)|p(0.86)|both_halves|mean_pnl(-0.00045),False
fed_minutes_zn,,FAIL,FAIL,-2.4,0.648,0.457,3.91,46,False,0.8647621629265366,False,dsr|profit_factor|p_value|both_halves|mean_pnl_positive,dsr(-2.400)|pf(0.648)|p(0.86)|both_halves|mean_pnl(-0.06444),False
pivot_reaction_nq,,FAIL,FAIL,-2.401,0.995,0.431,3888.51,3303,False,0.5396622858246454,False,dsr|profit_factor|max_drawdown_usd|p_value|both_halves|mean_pnl_positive,"dsr(-2.401)|pf(0.995)|max_dd($3,889)|p(0.54)|both_halves|mean_pnl(-0.05249)",False
donchian_breakout_si,,FAIL,FAIL,-2.422,0.907,0.359,32.03,78,False,0.6187034306993242,False,dsr|profit_factor|p_value|both_halves|mean_pnl_positive,dsr(-2.422)|pf(0.907)|p(0.62)|both_halves|mean_pnl(-0.09319),False
prior_day_breakout_gc,,FAIL,FAIL,-2.432,0.991,0.442,376.27,2211,False,0.5663114707147949,False,dsr|profit_factor|p_value|both_halves|mean_pnl_positive,dsr(-2.432)|pf(0.991)|p(0.57)|both_halves|mean_pnl(-0.01805),False
tsm_fxj,,FAIL,FAIL,-2.469,0.945,0.524,0.0,63,False,0.5669757952359108,False,dsr|profit_factor|p_value|both_halves|mean_pnl_positive,dsr(-2.469)|pf(0.945)|p(0.57)|both_halves|mean_pnl(-0.00001),False
donchian_breakout_fxb,,FAIL,FAIL,-2.588,0.955,0.488,1.27,215,False,0.6131854871882804,False,dsr|profit_factor|p_value|both_halves|mean_pnl_positive,dsr(-2.588)|pf(0.955)|p(0.61)|both_halves|mean_pnl(-0.00062),False
nfp_drift_gc,,FAIL,FAIL,-2.609,0.414,0.4,159.52,15,False,0.8788093284566436,False,n_trades|dsr|profit_factor|p_value|both_halves|mean_pnl_positive,n_trades(15)|dsr(-2.609)|pf(0.414)|p(0.88)|both_halves|mean_pnl(-7.18400),False
round_number_si,,FAIL,FAIL,-2.659,0.664,0.462,0.24,13,False,0.6992290069605708,False,n_trades|dsr|profit_factor|p_value|both_halves|mean_pnl_positive,n_trades(13)|dsr(-2.659)|pf(0.664)|p(0.7)|both_halves|mean_pnl(-0.01139),False
gap_fill_ym,,FAIL,FAIL,-2.677,1.031,0.48,5115.24,561,False,0.4078600298167619,False,dsr|profit_factor|max_drawdown_usd|p_value|both_halves,"dsr(-2.677)|pf(1.031)|max_dd($5,115)|p(0.41)|both_halves",False
tsm_es,,FAIL,FAIL,-2.749,0.875,0.535,2246.68,71,False,0.6577997823652246,False,dsr|profit_factor|max_drawdown_usd|p_value|both_halves|mean_pnl_positive,"dsr(-2.749)|pf(0.875)|max_dd($2,247)|p(0.66)|both_halves|mean_pnl(-9.07194)",False
eia_inventory_cl,,FAIL,FAIL,-2.772,0.774,0.474,36.82,310,False,0.9550370625116618,False,dsr|profit_factor|p_value|both_halves|mean_pnl_positive,dsr(-2.772)|pf(0.774)|p(0.96)|both_halves|mean_pnl(-0.08982),False
tsm_fxb,,FAIL,FAIL,-2.825,0.843,0.492,0.42,61,False,0.7004028793403381,False,dsr|profit_factor|p_value|both_halves|mean_pnl_positive,dsr(-2.825)|pf(0.843)|p(0.7)|both_halves|mean_pnl(-0.00239),False
nfp_drift_zb,,FAIL,FAIL,-2.843,0.598,0.371,22.65,62,False,0.9416802759783257,False,dsr|profit_factor|p_value|both_halves|mean_pnl_positive,dsr(-2.843)|pf(0.598)|p(0.94)|both_halves|mean_pnl(-0.25853),False
ecb_drift_gc,,FAIL,FAIL,-2.986,0.495,0.381,113.65,42,False,0.9223452591425403,False,dsr|profit_factor|p_value|both_halves|mean_pnl_positive,dsr(-2.986)|pf(0.495)|p(0.92)|both_halves|mean_pnl(-1.80257),False
tsm_ng,,FAIL,FAIL,-3.035,0.72,0.451,8.47,51,False,0.7443784485515832,False,dsr|profit_factor|p_value|both_halves|mean_pnl_positive,dsr(-3.035)|pf(0.720)|p(0.74)|both_halves|mean_pnl(-0.08195),False
cpi_drift_zb,,FAIL,FAIL,-3.064,0.582,0.423,7.14,71,False,0.9528963443326357,False,dsr|profit_factor|p_value|both_halves|mean_pnl_positive,dsr(-3.064)|pf(0.582)|p(0.95)|both_halves|mean_pnl(-0.09655),False
ecb_drift_es,,FAIL,FAIL,-3.083,0.523,0.396,405.18,48,False,0.8893620083246908,False,dsr|profit_factor|p_value|both_halves|mean_pnl_positive,dsr(-3.083)|pf(0.523)|p(0.89)|both_halves|mean_pnl(-6.78967),False
pivot_reaction_gc,,FAIL,FAIL,-3.115,0.822,0.399,52.87,138,False,0.8090426896142884,False,dsr|profit_factor|p_value|both_halves|mean_pnl_positive,dsr(-3.115)|pf(0.822)|p(0.81)|both_halves|mean_pnl(-0.25914),False
ecb_drift_fxb,,FAIL,FAIL,-3.118,0.445,0.429,0.1,28,False,0.9408327700568149,False,n_trades|dsr|profit_factor|p_value|both_halves|mean_pnl_positive,n_trades(28)|dsr(-3.118)|pf(0.445)|p(0.94)|both_halves|mean_pnl(-0.00304),False
donchian_breakout_ym,,FAIL,FAIL,-3.141,0.86,0.512,70192.6,215,False,0.7943636323782902,False,dsr|profit_factor|max_drawdown_usd|p_value|both_halves|mean_pnl_positive,"dsr(-3.141)|pf(0.860)|max_dd($70,193)|p(0.79)|both_halves|mean_pnl(-76.54512)",False
orb_nq,,FAIL,FAIL,-3.281,0.975,0.506,9408.9,2610,False,0.6449979603931761,False,dsr|profit_factor|max_drawdown_usd|p_value|both_halves|mean_pnl_positive,"dsr(-3.281)|pf(0.975)|max_dd($9,409)|p(0.64)|both_halves|mean_pnl(-0.76559)",False
fib_retracement_nq,,FAIL,FAIL,-3.333,0.992,0.46,4997.75,1473,False,0.5380938122569342,False,dsr|profit_factor|max_drawdown_usd|p_value|both_halves|mean_pnl_positive,"dsr(-3.333)|pf(0.992)|max_dd($4,998)|p(0.54)|both_halves|mean_pnl(-0.30720)",False
eia_inventory_ng,,FAIL,FAIL,-3.351,0.654,0.358,4.83,310,False,0.9876535833515666,False,dsr|profit_factor|p_value|both_halves|mean_pnl_positive,dsr(-3.351)|pf(0.654)|p(0.99)|both_halves|mean_pnl(-0.01459),False
orb_rty,,FAIL,FAIL,-3.555,0.916,0.499,858.81,984,False,0.8320456624066341,False,dsr|profit_factor|p_value|both_halves|mean_pnl_positive,dsr(-3.555)|pf(0.916)|p(0.83)|both_halves|mean_pnl(-0.62107),False
gap_fill_rty,,FAIL,FAIL,-3.602,0.851,0.443,939.54,325,False,0.8541648575181076,False,dsr|profit_factor|p_value|both_halves|mean_pnl_positive,dsr(-3.602)|pf(0.851)|p(0.85)|both_halves|mean_pnl(-1.41477),False
gap_fill_cl,,FAIL,FAIL,-3.657,0.9,0.483,27.8,350,False,0.764927947649048,False,dsr|profit_factor|p_value|both_halves|mean_pnl_positive,dsr(-3.657)|pf(0.900)|p(0.76)|both_halves|mean_pnl(-0.04011),False
orb_ym,,FAIL,FAIL,-3.667,0.952,0.481,18729.4,2626,False,0.7762835273342885,False,dsr|profit_factor|max_drawdown_usd|p_value|both_halves|mean_pnl_positive,"dsr(-3.667)|pf(0.952)|max_dd($18,729)|p(0.78)|both_halves|mean_pnl(-2.73743)",False
nfp_drift_zn,,FAIL,FAIL,-3.67,0.474,0.381,11.17,63,False,0.9888024386913018,False,dsr|profit_factor|p_value|both_halves|mean_pnl_positive,dsr(-3.670)|pf(0.474)|p(0.99)|both_halves|mean_pnl(-0.16175),False
bollinger_rsi_mbt,,FAIL,FAIL,-3.711,0.83,0.373,68241.85,1163,False,0.9954944355169946,False,dsr|profit_factor|max_drawdown_usd|p_value|both_halves|mean_pnl_positive,"dsr(-3.711)|pf(0.830)|max_dd($68,242)|p(1)|both_halves|mean_pnl(-52.81524)",False
fib_retracement_ym,,FAIL,FAIL,-3.796,0.954,0.5,11719.56,1383,False,0.7122459424564862,False,dsr|profit_factor|max_drawdown_usd|p_value|both_halves|mean_pnl_positive,"dsr(-3.796)|pf(0.954)|max_dd($11,720)|p(0.71)|both_halves|mean_pnl(-3.06134)",False
donchian_breakout_zb,,FAIL,FAIL,-3.836,0.764,0.407,226.62,231,False,0.9284394875480799,False,dsr|profit_factor|p_value|both_halves|mean_pnl_positive,dsr(-3.836)|pf(0.764)|p(0.93)|both_halves|mean_pnl(-0.55992),False
donchian_breakout,,FAIL,FAIL,-3.88,0.802,0.512,11427.2,381,False,0.9291222215919566,False,dsr|profit_factor|max_drawdown_usd|p_value|both_halves|mean_pnl_positive,"dsr(-3.880)|pf(0.802)|max_dd($11,427)|p(0.93)|both_halves|mean_pnl(-18.13317)",False
orb_cl,,FAIL,FAIL,-3.882,0.924,0.468,75.14,2934,False,0.8691092207314337,False,dsr|profit_factor|p_value|both_halves|mean_pnl_positive,dsr(-3.882)|pf(0.924)|p(0.87)|both_halves|mean_pnl(-0.02409),False
ecb_drift_zb,,FAIL,FAIL,-3.91,0.379,0.362,10.03,47,False,0.9819017068956966,False,dsr|profit_factor|p_value|both_halves|mean_pnl_positive,dsr(-3.910)|pf(0.379)|p(0.98)|both_halves|mean_pnl(-0.20646),False
orb_si,,FAIL,FAIL,-3.945,0.86,0.431,8.96,552,False,0.8795304882958417,False,dsr|profit_factor|p_value|both_halves|mean_pnl_positive,dsr(-3.945)|pf(0.860)|p(0.88)|both_halves|mean_pnl(-0.00798),False
orb_gc,,FAIL,FAIL,-3.999,0.908,0.45,431.35,1322,False,0.8649040051059157,False,dsr|profit_factor|p_value|both_halves|mean_pnl_positive,dsr(-3.999)|pf(0.908)|p(0.86)|both_halves|mean_pnl(-0.21167),False
fib_retracement_es,,FAIL,FAIL,-4.037,0.938,0.472,2050.17,1573,False,0.784683297145325,False,dsr|profit_factor|max_drawdown_usd|p_value|both_halves|mean_pnl_positive,"dsr(-4.037)|pf(0.938)|max_dd($2,050)|p(0.78)|both_halves|mean_pnl(-0.58366)",False
camarilla_breakout_fxj,,FAIL,FAIL,-4.045,0.914,0.417,0.0,2328,False,0.9609982911070731,False,dsr|profit_factor|p_value|both_halves|mean_pnl_positive,dsr(-4.045)|pf(0.914)|p(0.96)|both_halves|mean_pnl(-0.00000),False
overnight_drift_nq,,FAIL,FAIL,-4.098,0.893,0.48,2677.24,2772,False,0.972361931613227,False,dsr|profit_factor|max_drawdown_usd|p_value|both_halves|mean_pnl_positive,"dsr(-4.098)|pf(0.893)|max_dd($2,677)|p(0.97)|both_halves|mean_pnl(-0.80543)",False
fib_retracement_rty,,FAIL,FAIL,-4.202,0.868,0.473,843.54,577,False,0.8954703861512958,False,dsr|profit_factor|p_value|both_halves|mean_pnl_positive,dsr(-4.202)|pf(0.868)|p(0.9)|both_halves|mean_pnl(-1.17400),False
gap_fill_nq,,FAIL,FAIL,-4.211,0.879,0.486,6535.69,1073,False,0.9037671594056738,False,dsr|profit_factor|max_drawdown_usd|p_value|both_halves|mean_pnl_positive,"dsr(-4.211)|pf(0.879)|max_dd($6,536)|p(0.9)|both_halves|mean_pnl(-4.39330)",False
tsm_ym,,FAIL,FAIL,-4.257,0.538,0.388,25262.64,67,False,0.9661035151695191,False,dsr|profit_factor|max_drawdown_usd|p_value|both_halves|mean_pnl_positive,"dsr(-4.257)|pf(0.538)|max_dd($25,263)|p(0.97)|both_halves|mean_pnl(-349.56955)",False
pivot_reaction_mbt,,FAIL,FAIL,-4.387,0.572,0.345,19850.25,174,False,0.9996793404857405,False,dsr|profit_factor|max_drawdown_usd|p_value|both_halves|mean_pnl_positive,"dsr(-4.387)|pf(0.572)|max_dd($19,850)|p(1)|both_halves|mean_pnl(-107.61207)",False
overnight_fade_nq,,FAIL,FAIL,-4.45,0.616,0.457,338.16,140,False,0.9462190015409098,False,dsr|profit_factor|p_value|both_halves|mean_pnl_positive,dsr(-4.450)|pf(0.616)|p(0.95)|both_halves|mean_pnl(-2.38239),False
round_number_zb,,FAIL,FAIL,-4.483,0.243,0.269,5.99,93,False,0.9999349268618477,False,dsr|profit_factor|p_value|both_halves|mean_pnl_positive,dsr(-4.483)|pf(0.243)|p(1)|both_halves|mean_pnl(-0.06420),False
round_number_cl,,FAIL,FAIL,-4.491,0.597,0.607,3.66,112,False,0.9798732793920727,False,dsr|profit_factor|p_value|both_halves|mean_pnl_positive,dsr(-4.491)|pf(0.597)|p(0.98)|both_halves|mean_pnl(-0.02786),False
fib_retracement_cl,,FAIL,FAIL,-4.51,0.917,0.458,65.72,1692,False,0.8956195821000449,False,dsr|profit_factor|p_value|both_halves|mean_pnl_positive,dsr(-4.510)|pf(0.917)|p(0.9)|both_halves|mean_pnl(-0.02666),False
overnight_fade_cl,,FAIL,FAIL,-4.717,0.661,0.45,6.51,169,False,0.9924893200169049,False,dsr|profit_factor|p_value|both_halves|mean_pnl_positive,dsr(-4.717)|pf(0.661)|p(0.99)|both_halves|mean_pnl(-0.03010),False
prior_day_breakout_fxj,,FAIL,FAIL,-4.719,0.888,0.46,0.0,2405,False,0.9925230605226851,False,dsr|profit_factor|p_value|both_halves|mean_pnl_positive,dsr(-4.719)|pf(0.888)|p(0.99)|both_halves|mean_pnl(-0.00000),False
overnight_fade_zb,,FAIL,FAIL,-4.721,0.378,0.45,1.6,40,False,0.9925302417301727,False,dsr|profit_factor|p_value|both_halves|mean_pnl_positive,dsr(-4.721)|pf(0.378)|p(0.99)|both_halves|mean_pnl(-0.03917),False
overnight_fade_zn,,FAIL,FAIL,-4.733,0.432,0.442,0.89,52,False,0.9890897848625526,False,dsr|profit_factor|p_value|both_halves|mean_pnl_positive,dsr(-4.733)|pf(0.432)|p(0.99)|both_halves|mean_pnl(-0.01587),False
gap_fill_si,,FAIL,FAIL,-4.738,0.769,0.461,10.46,553,False,0.9746998010061864,False,dsr|profit_factor|p_value|both_halves|mean_pnl_positive,dsr(-4.738)|pf(0.769)|p(0.97)|both_halves|mean_pnl(-0.01866),False
gap_fill_fxj,,FAIL,FAIL,-4.797,0.754,0.434,0.0,366,False,0.9700487811000194,False,dsr|profit_factor|p_value|both_halves|mean_pnl_positive,dsr(-4.797)|pf(0.754)|p(0.97)|both_halves|mean_pnl(-0.00000),False
pivot_reaction_fxj,,FAIL,FAIL,-4.886,0.773,0.481,0.0,1009,False,0.9966323954942825,False,dsr|profit_factor|p_value|both_halves|mean_pnl_positive,dsr(-4.886)|pf(0.773)|p(1)|both_halves|mean_pnl(-0.00000),False
gap_fill_ng,,FAIL,FAIL,-4.951,0.733,0.415,5.69,513,False,0.9805769635699096,False,dsr|profit_factor|p_value|both_halves|mean_pnl_positive,dsr(-4.951)|pf(0.733)|p(0.98)|both_halves|mean_pnl(-0.00899),False
prior_day_breakout_es,,FAIL,FAIL,-5.006,0.874,0.435,1101.55,2579,False,0.9966290663404895,False,dsr|profit_factor|p_value|both_halves|mean_pnl_positive,dsr(-5.006)|pf(0.874)|p(1)|both_halves|mean_pnl(-0.39923),False
prior_day_breakout_ym,,FAIL,FAIL,-5.052,0.865,0.436,9129.64,2351,False,0.9974329570600017,False,dsr|profit_factor|max_drawdown_usd|p_value|both_halves|mean_pnl_positive,"dsr(-5.052)|pf(0.865)|max_dd($9,130)|p(1)|both_halves|mean_pnl(-3.19657)",False
bollinger_rsi_fxb,,FAIL,FAIL,-5.061,0.916,0.363,1.92,8048,False,0.9977576099497819,False,dsr|profit_factor|p_value|both_halves|mean_pnl_positive,dsr(-5.061)|pf(0.916)|p(1)|both_halves|mean_pnl(-0.00008),False
overnight_drift_rty,,FAIL,FAIL,-5.193,0.754,0.448,500.48,1008,False,0.999719996391983,False,dsr|profit_factor|p_value|both_halves|mean_pnl_positive,dsr(-5.193)|pf(0.754)|p(1)|both_halves|mean_pnl(-0.49026),False
gap_fill_gc,,FAIL,FAIL,-5.256,0.728,0.423,615.46,548,False,0.9898784108497095,False,dsr|profit_factor|p_value|both_halves|mean_pnl_positive,dsr(-5.256)|pf(0.728)|p(0.99)|both_halves|mean_pnl(-1.00356),False
ecb_drift_zn,,FAIL,FAIL,-5.281,0.24,0.25,5.99,48,False,0.9966699297215748,False,dsr|profit_factor|p_value|both_halves|mean_pnl_positive,dsr(-5.281)|pf(0.240)|p(1)|both_halves|mean_pnl(-0.12154),False
bollinger_rsi_zb,,FAIL,FAIL,-5.505,0.555,0.333,451.08,7568,False,1.0,False,dsr|profit_factor|p_value|both_halves|mean_pnl_positive,dsr(-5.505)|pf(0.555)|p(1)|both_halves|mean_pnl(-0.05941),False
rsi_meanrev_mbt,,FAIL,FAIL,-5.537,0.6,0.541,32328.88,342,False,0.9999817359587428,False,dsr|profit_factor|max_drawdown_usd|p_value|both_halves|mean_pnl_positive,"dsr(-5.537)|pf(0.600)|max_dd($32,329)|p(1)|both_halves|mean_pnl(-91.06762)",False
overnight_drift_zb,,FAIL,FAIL,-5.619,0.221,0.183,225.4,3024,False,1.0,False,dsr|profit_factor|p_value|both_halves|mean_pnl_positive,dsr(-5.619)|pf(0.221)|p(1)|both_halves|mean_pnl(-0.07458),False
tsm_si,,FAIL,FAIL,-5.667,0.304,0.295,56.24,61,False,0.9994756685771367,False,dsr|profit_factor|p_value|both_halves|mean_pnl_positive,dsr(-5.667)|pf(0.304)|p(1)|both_halves|mean_pnl(-0.81018),False
orb_es,,FAIL,FAIL,-5.807,0.847,0.472,4233.53,2975,False,0.9968919721636931,False,dsr|profit_factor|max_drawdown_usd|p_value|both_halves|mean_pnl_positive,"dsr(-5.807)|pf(0.847)|max_dd($4,234)|p(1)|both_halves|mean_pnl(-1.40607)",False
gap_fill_fxb,,FAIL,FAIL,-5.85,0.649,0.378,0.25,381,False,0.9985083844348781,False,dsr|profit_factor|p_value|both_halves|mean_pnl_positive,dsr(-5.850)|pf(0.649)|p(1)|both_halves|mean_pnl(-0.00064),False
gap_fill_fxe,,FAIL,FAIL,-5.9,0.657,0.444,0.21,378,False,0.99842143317171,False,dsr|profit_factor|p_value|both_halves|mean_pnl_positive,dsr(-5.900)|pf(0.657)|p(1)|both_halves|mean_pnl(-0.00049),False
pivot_reaction_es,,FAIL,FAIL,-6.055,0.846,0.414,2085.44,3591,False,0.9999457426961497,False,dsr|profit_factor|max_drawdown_usd|p_value|both_halves|mean_pnl_positive,"dsr(-6.055)|pf(0.846)|max_dd($2,085)|p(1)|both_halves|mean_pnl(-0.49168)",False
pivot_reaction_fxb,,FAIL,FAIL,-6.153,0.631,0.502,0.3,1082,False,0.9999998469619201,False,dsr|profit_factor|p_value|both_halves|mean_pnl_positive,dsr(-6.153)|pf(0.631)|p(1)|both_halves|mean_pnl(-0.00023),False
rsi_meanrev_gc,,FAIL,FAIL,-6.198,0.7,0.561,476.52,802,False,0.9999032802694899,False,dsr|profit_factor|p_value|both_halves|mean_pnl_positive,dsr(-6.198)|pf(0.700)|p(1)|both_halves|mean_pnl(-0.56028),False
gap_fill_zb,,FAIL,FAIL,-6.741,0.577,0.384,53.56,443,False,0.9999707631023207,False,dsr|profit_factor|p_value|both_halves|mean_pnl_positive,dsr(-6.741)|pf(0.577)|p(1)|both_halves|mean_pnl(-0.11836),False
pivot_reaction_fxe,,FAIL,FAIL,-6.747,0.627,0.486,0.34,1307,False,0.9999999473202575,False,dsr|profit_factor|p_value|both_halves|mean_pnl_positive,dsr(-6.747)|pf(0.627)|p(1)|both_halves|mean_pnl(-0.00020),False
camarilla_breakout_fxb,,FAIL,FAIL,-7.009,0.791,0.378,0.46,2393,False,0.999999522341016,False,dsr|profit_factor|p_value|both_halves|mean_pnl_positive,dsr(-7.009)|pf(0.791)|p(1)|both_halves|mean_pnl(-0.00019),False
overnight_fade_es,,FAIL,FAIL,-7.103,0.439,0.382,300.22,212,False,0.9999809043625186,False,dsr|profit_factor|p_value|both_halves|mean_pnl_positive,dsr(-7.103)|pf(0.439)|p(1)|both_halves|mean_pnl(-1.38465),False
orb_fxj,,FAIL,FAIL,-7.235,0.749,0.442,0.0,2104,False,0.9999934347734586,False,dsr|profit_factor|p_value|both_halves|mean_pnl_positive,dsr(-7.235)|pf(0.749)|p(1)|both_halves|mean_pnl(-0.00000),False
camarilla_breakout_cl,,FAIL,FAIL,-7.532,0.755,0.343,76.42,2396,False,0.9999999959341989,False,dsr|profit_factor|p_value|both_halves|mean_pnl_positive,dsr(-7.532)|pf(0.755)|p(1)|both_halves|mean_pnl(-0.03180),False
gap_fill_zn,,FAIL,FAIL,-8.167,0.6,0.392,39.25,842,False,0.9999999188931873,False,dsr|profit_factor|p_value|both_halves|mean_pnl_positive,dsr(-8.167)|pf(0.600)|p(1)|both_halves|mean_pnl(-0.04612),False
round_number_gc,,FAIL,FAIL,-8.261,0.46,0.507,293.76,339,False,0.9999999365080803,False,dsr|profit_factor|p_value|both_halves|mean_pnl_positive,dsr(-8.261)|pf(0.460)|p(1)|both_halves|mean_pnl(-0.85500),False
orb_fxb,,FAIL,FAIL,-8.518,0.701,0.442,1.04,2064,False,0.9999999906734377,False,dsr|profit_factor|p_value|both_halves|mean_pnl_positive,dsr(-8.518)|pf(0.701)|p(1)|both_halves|mean_pnl(-0.00050),False
orb_fxe,,FAIL,FAIL,-8.551,0.736,0.447,0.88,2685,False,0.999999992096862,False,dsr|profit_factor|p_value|both_halves|mean_pnl_positive,dsr(-8.551)|pf(0.736)|p(1)|both_halves|mean_pnl(-0.00032),False
prior_day_breakout_cl,,FAIL,FAIL,-8.805,0.737,0.406,76.65,2586,False,0.9999999999916032,False,dsr|profit_factor|p_value|both_halves|mean_pnl_positive,dsr(-8.805)|pf(0.737)|p(1)|both_halves|mean_pnl(-0.02924),False
orb_ng,,FAIL,FAIL,-8.852,0.649,0.402,34.82,3014,False,0.999999999985976,False,dsr|profit_factor|p_value|both_halves|mean_pnl_positive,dsr(-8.852)|pf(0.649)|p(1)|both_halves|mean_pnl(-0.01132),False
donchian_breakout_ng,,FAIL,FAIL,-8.887,0.383,0.39,100.73,326,False,0.9999998939075789,False,dsr|profit_factor|p_value|both_halves|mean_pnl_positive,dsr(-8.887)|pf(0.383)|p(1)|both_halves|mean_pnl(-0.29293),False
orb_zb,,FAIL,FAIL,-8.97,0.733,0.421,174.12,2815,False,0.9999999991900137,False,dsr|profit_factor|p_value|both_halves|mean_pnl_positive,dsr(-8.970)|pf(0.733)|p(1)|both_halves|mean_pnl(-0.06139),False
rsi_meanrev_si,,FAIL,FAIL,-9.341,0.434,0.452,18.04,467,False,0.9999999999886928,False,dsr|profit_factor|p_value|both_halves|mean_pnl_positive,dsr(-9.341)|pf(0.434)|p(1)|both_halves|mean_pnl(-0.03782),False
pivot_reaction_cl,,FAIL,FAIL,-9.434,0.723,0.395,97.63,2709,False,0.999999999999876,False,dsr|profit_factor|p_value|both_halves|mean_pnl_positive,dsr(-9.434)|pf(0.723)|p(1)|both_halves|mean_pnl(-0.03557),False
bollinger_rsi_ng,,FAIL,FAIL,-9.538,0.342,0.242,205.98,18818,False,1.0,False,dsr|profit_factor|p_value|both_halves|mean_pnl_positive,dsr(-9.538)|pf(0.342)|p(1)|both_halves|mean_pnl(-0.01092),False
overnight_drift_ym,,FAIL,FAIL,-9.705,0.648,0.42,15949.48,2772,False,0.9999999999998629,False,dsr|profit_factor|max_drawdown_usd|p_value|both_halves|mean_pnl_positive,"dsr(-9.705)|pf(0.648)|max_dd($15,949)|p(1)|both_halves|mean_pnl(-5.57848)",False
bollinger_rsi,,FAIL,FAIL,-10.146,0.811,0.364,13892.47,14866,False,1.0,False,dsr|profit_factor|max_drawdown_usd|p_value|both_halves|mean_pnl_positive,"dsr(-10.146)|pf(0.811)|max_dd($13,892)|p(1)|both_halves|mean_pnl(-0.86793)",False
orb_zn,,FAIL,FAIL,-10.208,0.68,0.399,92.65,2900,False,0.9999999999999212,False,dsr|profit_factor|p_value|both_halves|mean_pnl_positive,dsr(-10.208)|pf(0.680)|p(1)|both_halves|mean_pnl(-0.03166),False
rsi_meanrev_ym,,FAIL,FAIL,-10.314,0.724,0.565,24680.27,4196,False,0.9999999999999933,False,dsr|profit_factor|max_drawdown_usd|p_value|both_halves|mean_pnl_positive,"dsr(-10.314)|pf(0.724)|max_dd($24,680)|p(1)|both_halves|mean_pnl(-5.87909)",False
overnight_drift_es,,FAIL,FAIL,-10.339,0.625,0.425,2191.71,3024,False,0.9999999999999999,False,dsr|profit_factor|max_drawdown_usd|p_value|both_halves|mean_pnl_positive,"dsr(-10.339)|pf(0.625)|max_dd($2,192)|p(1)|both_halves|mean_pnl(-0.71981)",False
prior_day_breakout_fxb,,FAIL,FAIL,-11.016,0.648,0.425,0.73,2431,False,1.0,False,dsr|profit_factor|p_value|both_halves|mean_pnl_positive,dsr(-11.016)|pf(0.648)|p(1)|both_halves|mean_pnl(-0.00030),False
overnight_fade_ng,,FAIL,FAIL,-11.059,0.103,0.229,1.8,175,False,1.0,False,dsr|profit_factor|p_value|both_halves|mean_pnl_positive,dsr(-11.059)|pf(0.103)|p(1)|both_halves|mean_pnl(-0.01017),False
rsi_meanrev_fxe,,FAIL,FAIL,-11.117,0.608,0.543,1.01,3918,False,1.0,False,dsr|profit_factor|p_value|both_halves|mean_pnl_positive,dsr(-11.117)|pf(0.608)|p(1)|both_halves|mean_pnl(-0.00019),False
rsi_meanrev,,FAIL,FAIL,-12.171,0.682,0.554,4133.66,4179,False,1.0,False,dsr|profit_factor|max_drawdown_usd|p_value|both_halves|mean_pnl_positive,"dsr(-12.171)|pf(0.682)|max_dd($4,134)|p(1)|both_halves|mean_pnl(-0.98579)",False
rsi_meanrev_cl,,FAIL,FAIL,-13.198,0.676,0.575,166.17,4554,False,1.0,False,dsr|profit_factor|p_value|both_halves|mean_pnl_positive,dsr(-13.198)|pf(0.676)|p(1)|both_halves|mean_pnl(-0.03651),False
camarilla_breakout_zb,,FAIL,FAIL,-13.609,0.561,0.383,128.6,2525,False,1.0,False,dsr|profit_factor|p_value|both_halves|mean_pnl_positive,dsr(-13.609)|pf(0.561)|p(1)|both_halves|mean_pnl(-0.05099),False
round_number_nq,,FAIL,FAIL,-14.233,0.628,0.524,13996.96,4475,False,1.0,False,dsr|profit_factor|max_drawdown_usd|p_value|both_halves|mean_pnl_positive,"dsr(-14.233)|pf(0.628)|max_dd($13,997)|p(1)|both_halves|mean_pnl(-3.10212)",False
round_number_es,,FAIL,FAIL,-14.373,0.583,0.526,3317.41,3434,False,1.0,False,dsr|profit_factor|max_drawdown_usd|p_value|both_halves|mean_pnl_positive,"dsr(-14.373)|pf(0.583)|max_dd($3,317)|p(1)|both_halves|mean_pnl(-0.96474)",False
bollinger_rsi_cl,,FAIL,FAIL,-14.418,0.795,0.367,720.02,21207,False,1.0,False,dsr|profit_factor|p_value|both_halves|mean_pnl_positive,dsr(-14.418)|pf(0.795)|p(1)|both_halves|mean_pnl(-0.03385),False
camarilla_breakout_fxe,,FAIL,FAIL,-15.283,0.525,0.351,0.82,2572,False,1.0,False,dsr|profit_factor|p_value|both_halves|mean_pnl_positive,dsr(-15.283)|pf(0.525)|p(1)|both_halves|mean_pnl(-0.00032),False
rsi_meanrev_fxj,,FAIL,FAIL,-15.654,0.518,0.534,0.01,2515,False,1.0,False,dsr|profit_factor|p_value|both_halves|mean_pnl_positive,dsr(-15.654)|pf(0.518)|p(1)|both_halves|mean_pnl(-0.00000),False
round_number_zn,,FAIL,FAIL,-15.912,0.006,0.032,3.64,93,False,1.0,False,dsr|profit_factor|p_value|both_halves|mean_pnl_positive,dsr(-15.912)|pf(0.006)|p(1)|both_halves|mean_pnl(-0.03916),False
overnight_drift_zn,,FAIL,FAIL,-16.162,0.124,0.14,108.9,3024,False,1.0,False,dsr|profit_factor|p_value|both_halves|mean_pnl_positive,dsr(-16.162)|pf(0.124)|p(1)|both_halves|mean_pnl(-0.03602),False
prior_day_breakout_fxe,,FAIL,FAIL,-16.311,0.458,0.424,0.83,2612,False,1.0,False,dsr|profit_factor|p_value|both_halves|mean_pnl_positive,dsr(-16.311)|pf(0.458)|p(1)|both_halves|mean_pnl(-0.00032),False
camarilla_breakout_ng,,FAIL,FAIL,-16.839,0.34,0.285,25.0,2458,False,1.0,False,dsr|profit_factor|p_value|both_halves|mean_pnl_positive,dsr(-16.839)|pf(0.340)|p(1)|both_halves|mean_pnl(-0.01011),False
prior_day_breakout_zb,,FAIL,FAIL,-17.914,0.434,0.426,158.7,2598,False,1.0,False,dsr|profit_factor|p_value|both_halves|mean_pnl_positive,dsr(-17.914)|pf(0.434)|p(1)|both_halves|mean_pnl(-0.06114),False
camarilla_breakout_zn,,FAIL,FAIL,-18.662,0.407,0.35,84.76,2575,False,1.0,False,dsr|profit_factor|p_value|both_halves|mean_pnl_positive,dsr(-18.662)|pf(0.407)|p(1)|both_halves|mean_pnl(-0.03288),False
rsi_meanrev_fxb,,FAIL,FAIL,-19.582,0.406,0.518,1.27,3061,False,1.0,False,dsr|profit_factor|p_value|both_halves|mean_pnl_positive,dsr(-19.582)|pf(0.406)|p(1)|both_halves|mean_pnl(-0.00041),False
pivot_reaction_ng,,FAIL,FAIL,-20.699,0.26,0.287,31.1,3067,False,1.0,False,dsr|profit_factor|p_value|both_halves|mean_pnl_positive,dsr(-20.699)|pf(0.260)|p(1)|both_halves|mean_pnl(-0.00994),False
pivot_reaction_zb,,FAIL,FAIL,-21.0,0.357,0.375,150.56,2121,False,1.0,False,dsr|profit_factor|p_value|both_halves|mean_pnl_positive,dsr(-21.000)|pf(0.357)|p(1)|both_halves|mean_pnl(-0.07107),False
prior_day_breakout_ng,,FAIL,FAIL,-22.557,0.248,0.261,28.1,2635,False,1.0,False,dsr|profit_factor|p_value|both_halves|mean_pnl_positive,dsr(-22.557)|pf(0.248)|p(1)|both_halves|mean_pnl(-0.01067),False
pivot_reaction_zn,,FAIL,FAIL,-23.212,0.275,0.361,84.09,2164,False,1.0,False,dsr|profit_factor|p_value|both_halves|mean_pnl_positive,dsr(-23.212)|pf(0.275)|p(1)|both_halves|mean_pnl(-0.03879),False
prior_day_breakout_zn,,FAIL,FAIL,-23.363,0.326,0.404,87.94,2592,False,1.0,False,dsr|profit_factor|p_value|both_halves|mean_pnl_positive,dsr(-23.363)|pf(0.326)|p(1)|both_halves|mean_pnl(-0.03390),False
rsi_meanrev_zb,,FAIL,FAIL,-25.211,0.292,0.495,231.99,3371,False,1.0,False,dsr|profit_factor|p_value|both_halves|mean_pnl_positive,dsr(-25.211)|pf(0.292)|p(1)|both_halves|mean_pnl(-0.06876),False
bollinger_rsi_zn,,FAIL,FAIL,-25.272,0.468,0.301,370.78,10856,False,1.0,False,dsr|profit_factor|p_value|both_halves|mean_pnl_positive,dsr(-25.272)|pf(0.468)|p(1)|both_halves|mean_pnl(-0.03410),False
Outside_Bar,,FAIL,FAIL,-26.275,0.531,0.382,8.84,19390,False,1.0,False,dsr|profit_factor|p_value|both_halves|mean_pnl_positive,dsr(-26.275)|pf(0.531)|p(1)|both_halves|mean_pnl(-0.00046),False
Inside_Bar,,FAIL,FAIL,-26.961,0.538,0.377,11.83,26848,False,1.0,False,dsr|profit_factor|p_value|both_halves|mean_pnl_positive,dsr(-26.961)|pf(0.538)|p(1)|both_halves|mean_pnl(-0.00044),False
rsi_meanrev_ng,,FAIL,FAIL,-31.338,0.209,0.234,47.8,4504,False,1.0,False,dsr|profit_factor|p_value|both_halves|mean_pnl_positive,dsr(-31.338)|pf(0.209)|p(1)|both_halves|mean_pnl(-0.01051),False
rsi_meanrev_zn,,FAIL,FAIL,-36.697,0.202,0.433,126.4,3417,False,1.0,False,dsr|profit_factor|p_value|both_halves|mean_pnl_positive,dsr(-36.697)|pf(0.202)|p(1)|both_halves|mean_pnl(-0.03702),False
Donchian_Breakout,,FAIL,FAIL,-64.673,0.442,0.317,68.77,153494,False,1.0,False,dsr|profit_factor|p_value|both_halves|mean_pnl_positive,dsr(-64.673)|pf(0.442)|p(1)|both_halves|mean_pnl(-0.00045),False
bollinger_rsi_fxe,,PASS,PASS,11.254,1.465,0.392,1.72,9453,False,7.199199500386772e-31,True,,,False
bollinger_rsi_gc,,PASS,PASS,4.59,1.497,0.356,382.07,2314,True,4.718920073374525e-09,True,,,False
donchian_breakout_cl,,PASS,PASS,4.476,2.998,0.64,140.31,236,True,9.951134533357943e-11,True,,,False
fomc_drift,,PASS,PASS,1.627,2.893,0.667,136.24,57,True,0.0028393150110528776,False,,,False
fomc_drift_zn,,PASS,PASS,1.107,2.055,0.561,2.95,57,True,0.029524158681334157,False,,,False
